"_id","Name","Age"
"""576a560c9a3ed04c1c616f09""","Rahul",21
"""576a560c9a3ed04c1c616f0b""","Lucky",12
"""576a560c9a3ed04c1c616f0d""","Rohit",21
"""576a560c9a3ed04c1c616f0c""","Lucky",12
"""576a560c9a3ed04c1c616f0a""","Lucky",21
"""576a560c9a3ed04c1c616f0e""","Rohit",16
"""576a560c9a3ed04c1c616f0f""","Lucky",23
"""576a560c9a3ed04c1c616f10""","Lucky",12
"""576a560c9a3ed04c1c616f11""","Rohit",21
"""576a560c9a3ed04c1c616f12""","Rahul",16
"""576a560c9a3ed04c1c616f13""","Vikas",12
"""576a560c9a3ed04c1c616f14""","Rahul",12
"""576a560c9a3ed04c1c616f15""","Vikas",16
"""576a560c9a3ed04c1c616f16""","Vikas",21
"""576a560c9a3ed04c1c616f17""","Vikas",12
"""576a560c9a3ed04c1c616f18""","Rohit",21
"""576a560c9a3ed04c1c616f19""","Rohit",23
"""576a560c9a3ed04c1c616f1a""","Rohit",16
"""576a560c9a3ed04c1c616f1b""","Rohit",12
"""576a560c9a3ed04c1c616f1c""","Lucky",12
"""576a560c9a3ed04c1c616f1d""","Rahul",16
"""576a560c9a3ed04c1c616f1e""","Rahul",12
"""576a560c9a3ed04c1c616f1f""","Lucky",12
"""576a560c9a3ed04c1c616f20""","Rohit",16
"""576a560c9a3ed04c1c616f21""","Vikas",21
"""576a560c9a3ed04c1c616f22""","Vikas",12
"""576a560c9a3ed04c1c616f23""","Rahul",21
"""576a560c9a3ed04c1c616f24""","Rahul",16
"""576a560c9a3ed04c1c616f25""","Vikas",21
"""576a560c9a3ed04c1c616f26""","Lucky",21
"""576a560c9a3ed04c1c616f27""","Lucky",12
"""576a560c9a3ed04c1c616f28""","Rahul",23
"""576a560c9a3ed04c1c616f29""","Rohit",16
"""576a560c9a3ed04c1c616f2a""","Vikas",21
"""576a560c9a3ed04c1c616f2b""","Vikas",16
"""576a560c9a3ed04c1c616f2c""","Lucky",12
"""576a560c9a3ed04c1c616f2d""","Lucky",23
"""576a560c9a3ed04c1c616f2e""","Rohit",23
"""576a560c9a3ed04c1c616f2f""","Vikas",12
"""576a560c9a3ed04c1c616f30""","Rohit",16
"""576a560c9a3ed04c1c616f31""","Rohit",23
"""576a560c9a3ed04c1c616f32""","Vikas",12
"""576a560c9a3ed04c1c616f33""","Lucky",16
"""576a560c9a3ed04c1c616f34""","Vikas",12
"""576a560c9a3ed04c1c616f35""","Vikas",21
"""576a560c9a3ed04c1c616f36""","Rahul",21
"""576a560c9a3ed04c1c616f37""","Vikas",23
"""576a560c9a3ed04c1c616f38""","Rahul",12
"""576a560c9a3ed04c1c616f39""","Vikas",16
"""576a560c9a3ed04c1c616f3a""","Rahul",21
"""576a560c9a3ed04c1c616f3b""","Lucky",12
"""576a560c9a3ed04c1c616f3c""","Rahul",12
"""576a560c9a3ed04c1c616f3d""","Vikas",12
"""576a560c9a3ed04c1c616f3e""","Rahul",12
"""576a560c9a3ed04c1c616f3f""","Vikas",16
"""576a560c9a3ed04c1c616f40""","Rohit",12
"""576a560c9a3ed04c1c616f41""","Rahul",16
"""576a560c9a3ed04c1c616f42""","Rohit",12
"""576a560c9a3ed04c1c616f43""","Rohit",12
"""576a560c9a3ed04c1c616f44""","Lucky",23
"""576a560c9a3ed04c1c616f45""","Lucky",12
"""576a560c9a3ed04c1c616f46""","Lucky",21
"""576a560c9a3ed04c1c616f47""","Vikas",12
"""576a560c9a3ed04c1c616f48""","Rahul",23
"""576a560c9a3ed04c1c616f49""","Rohit",21
"""576a560c9a3ed04c1c616f4a""","Vikas",21
"""576a560c9a3ed04c1c616f4b""","Rohit",23
"""576a560c9a3ed04c1c616f4c""","Lucky",23
"""576a560c9a3ed04c1c616f4d""","Rahul",21
"""576a560c9a3ed04c1c616f4e""","Rahul",16
"""576a560c9a3ed04c1c616f4f""","Rahul",12
"""576a560c9a3ed04c1c616f50""","Lucky",23
"""576a560c9a3ed04c1c616f51""","Rohit",12
"""576a560c9a3ed04c1c616f52""","Lucky",23
"""576a560c9a3ed04c1c616f53""","Rahul",12
"""576a560c9a3ed04c1c616f54""","Rahul",16
"""576a560c9a3ed04c1c616f55""","Rohit",23
"""576a560c9a3ed04c1c616f56""","Rahul",12
"""576a560c9a3ed04c1c616f57""","Rahul",12
"""576a560c9a3ed04c1c616f58""","Rahul",16
"""576a560c9a3ed04c1c616f59""","Vikas",21
"""576a560c9a3ed04c1c616f5a""","Rohit",21
"""576a560c9a3ed04c1c616f5b""","Lucky",16
"""576a560c9a3ed04c1c616f5c""","Vikas",21
"""576a560c9a3ed04c1c616f5d""","Vikas",16
"""576a560c9a3ed04c1c616f5e""","Rohit",21
"""576a560c9a3ed04c1c616f5f""","Lucky",16
"""576a560c9a3ed04c1c616f60""","Rahul",21
"""576a560c9a3ed04c1c616f61""","Rahul",23
"""576a560c9a3ed04c1c616f62""","Vikas",16
"""576a560c9a3ed04c1c616f63""","Rahul",16
"""576a560c9a3ed04c1c616f64""","Rahul",16
"""576a560c9a3ed04c1c616f65""","Lucky",23
"""576a560c9a3ed04c1c616f66""","Rahul",16
"""576a560c9a3ed04c1c616f67""","Lucky",16
"""576a560c9a3ed04c1c616f68""","Rahul",23
"""576a560c9a3ed04c1c616f69""","Vikas",16
"""576a560c9a3ed04c1c616f6a""","Rohit",12
"""576a560c9a3ed04c1c616f6b""","Lucky",12
"""576a560c9a3ed04c1c616f6c""","Rahul",16